name,label
Masks/mask_167.jpg,Masks
Masks/mask_73.jpg,Masks
Masks/mask_190.jpg,Masks
Masks/mask_535.jpg,Masks
Masks/mask_392.jpg,Masks
Masks/mask_507.jpg,Masks
Masks/mask_411.jpg,Masks
Masks/mask_184.jpg,Masks
Masks/mask_161.jpg,Masks
Masks/mask_2.jpg,Masks
Masks/mask_215.jpg,Masks
Masks/mask_256.jpg,Masks
Masks/mask_241.jpg,Masks
Masks/mask_12.jpg,Masks
Masks/mask_136.jpg,Masks
Masks/mask_247.jpg,Masks
Masks/mask_5.jpg,Masks
Masks/mask_519.jpg,Masks
Masks/mask_348.jpg,Masks
Masks/mask_555.jpg,Masks
Masks/mask_382.jpg,Masks
Masks/mask_24.jpg,Masks
Masks/mask_140.jpg,Masks
Masks/mask_63.jpg,Masks
Masks/mask_433.jpg,Masks
Masks/mask_524.jpg,Masks
Masks/mask_262.jpg,Masks
Masks/mask_127.jpg,Masks
Masks/mask_331.jpg,Masks
Masks/mask_195.jpg,Masks
Masks/mask_457.jpg,Masks
Masks/mask_94.jpg,Masks
Masks/mask_141.jpg,Masks
Masks/mask_591.jpg,Masks
Masks/mask_224.jpg,Masks
Masks/mask_49.jpg,Masks
Masks/mask_366.jpg,Masks
Masks/mask_377.jpg,Masks
Masks/mask_230.jpg,Masks
Masks/mask_558.jpg,Masks
Masks/mask_503.jpg,Masks
Masks/mask_132.jpg,Masks
Masks/mask_74.jpg,Masks
Masks/mask_72.jpg,Masks
Masks/mask_436.jpg,Masks
Masks/mask_516.jpg,Masks
Masks/mask_282.jpg,Masks
Masks/mask_8.jpg,Masks
Masks/mask_177.jpg,Masks
Masks/mask_462.jpg,Masks
Masks/mask_515.jpg,Masks
Masks/mask_88.jpg,Masks
Masks/mask_493.jpg,Masks
Masks/mask_486.jpg,Masks
Masks/mask_71.jpg,Masks
Masks/mask_225.jpg,Masks
Masks/mask_76.jpg,Masks
Masks/mask_449.jpg,Masks
Masks/mask_322.jpg,Masks
Masks/mask_6.jpg,Masks
Masks/mask_238.jpg,Masks
Masks/mask_361.jpg,Masks
Masks/mask_9.jpg,Masks
Masks/mask_98.jpg,Masks
Masks/mask_183.jpg,Masks
Masks/mask_329.jpg,Masks
Masks/mask_165.jpg,Masks
Masks/mask_561.jpg,Masks
Masks/mask_202.jpg,Masks
Masks/mask_505.jpg,Masks
Masks/mask_521.jpg,Masks
Masks/mask_268.jpg,Masks
Masks/mask_294.jpg,Masks
Masks/mask_390.jpg,Masks
Masks/mask_152.jpg,Masks
Masks/mask_54.jpg,Masks
Masks/mask_192.jpg,Masks
Masks/mask_441.jpg,Masks
Masks/mask_549.jpg,Masks
Masks/mask_84.jpg,Masks
Masks/mask_80.jpg,Masks
Masks/mask_484.jpg,Masks
Masks/mask_164.jpg,Masks
Masks/mask_209.jpg,Masks
Masks/mask_275.jpg,Masks
Masks/mask_17.jpg,Masks
Masks/mask_296.jpg,Masks
Masks/mask_90.jpg,Masks
Masks/mask_61.jpg,Masks
Masks/mask_33.jpg,Masks
Masks/mask_340.jpg,Masks
Masks/mask_423.jpg,Masks
Masks/mask_367.jpg,Masks
Masks/mask_285.jpg,Masks
Masks/mask_588.jpg,Masks
Masks/mask_39.jpg,Masks
Masks/mask_546.jpg,Masks
Masks/mask_34.jpg,Masks
Masks/mask_155.jpg,Masks
Masks/mask_323.jpg,Masks
Masks/mask_261.jpg,Masks
Masks/mask_265.jpg,Masks
Masks/mask_467.jpg,Masks
Masks/mask_577.jpg,Masks
Masks/mask_476.jpg,Masks
Masks/mask_180.jpg,Masks
Masks/mask_93.jpg,Masks
Masks/mask_463.jpg,Masks
Masks/mask_563.jpg,Masks
Masks/mask_3.jpg,Masks
Masks/mask_334.jpg,Masks
Masks/mask_444.jpg,Masks
Masks/mask_448.jpg,Masks
Masks/mask_47.jpg,Masks
Masks/mask_320.jpg,Masks
Masks/mask_101.jpg,Masks
Masks/mask_400.jpg,Masks
Masks/mask_471.jpg,Masks
Masks/mask_200.jpg,Masks
Masks/mask_263.jpg,Masks
Masks/mask_128.jpg,Masks
Masks/mask_64.jpg,Masks
Masks/mask_511.jpg,Masks
Masks/mask_252.jpg,Masks
Masks/mask_299.jpg,Masks
Masks/mask_500.jpg,Masks
Masks/mask_560.jpg,Masks
Masks/mask_115.jpg,Masks
Masks/mask_297.jpg,Masks
Masks/mask_83.jpg,Masks
Masks/mask_570.jpg,Masks
Masks/mask_199.jpg,Masks
Masks/mask_478.jpg,Masks
Masks/mask_374.jpg,Masks
Masks/mask_193.jpg,Masks
Masks/mask_317.jpg,Masks
Masks/mask_318.jpg,Masks
Masks/mask_393.jpg,Masks
Masks/mask_523.jpg,Masks
Masks/mask_117.jpg,Masks
Masks/mask_532.jpg,Masks
Masks/mask_364.jpg,Masks
Masks/mask_122.jpg,Masks
Masks/mask_434.jpg,Masks
Masks/mask_365.jpg,Masks
Masks/mask_173.jpg,Masks
Masks/mask_204.jpg,Masks
Masks/mask_206.jpg,Masks
Masks/mask_259.jpg,Masks
Masks/mask_257.jpg,Masks
Masks/mask_150.jpg,Masks
Masks/mask_25.jpg,Masks
Masks/mask_313.jpg,Masks
Masks/mask_518.jpg,Masks
Masks/mask_233.jpg,Masks
Masks/mask_319.jpg,Masks
Masks/mask_354.jpg,Masks
Masks/mask_494.jpg,Masks
Masks/mask_42.jpg,Masks
Masks/mask_197.jpg,Masks
Masks/mask_498.jpg,Masks
Masks/mask_277.jpg,Masks
Masks/mask_53.jpg,Masks
Masks/mask_425.jpg,Masks
Masks/mask_38.jpg,Masks
Masks/mask_579.jpg,Masks
Masks/mask_492.jpg,Masks
Masks/mask_188.jpg,Masks
Masks/mask_57.jpg,Masks
Masks/mask_178.jpg,Masks
Masks/mask_341.jpg,Masks
Masks/mask_482.jpg,Masks
Masks/mask_418.jpg,Masks
Masks/mask_191.jpg,Masks
Masks/mask_562.jpg,Masks
Masks/mask_121.jpg,Masks
Masks/mask_7.jpg,Masks
Masks/mask_149.jpg,Masks
Masks/mask_104.jpg,Masks
Masks/mask_314.jpg,Masks
Masks/mask_169.jpg,Masks
Masks/mask_291.jpg,Masks
Masks/mask_575.jpg,Masks
Masks/mask_221.jpg,Masks
Masks/mask_62.jpg,Masks
Masks/mask_362.jpg,Masks
Masks/mask_66.jpg,Masks
Masks/mask_360.jpg,Masks
Masks/mask_474.jpg,Masks
Masks/mask_585.jpg,Masks
Masks/mask_99.jpg,Masks
Masks/mask_510.jpg,Masks
Masks/mask_586.jpg,Masks
Masks/mask_130.jpg,Masks
Masks/mask_92.jpg,Masks
Masks/mask_86.jpg,Masks
Masks/mask_78.jpg,Masks
Masks/mask_11.jpg,Masks
Masks/mask_399.jpg,Masks
Masks/mask_216.jpg,Masks
Masks/mask_300.jpg,Masks
Masks/mask_284.jpg,Masks
Masks/mask_308.jpg,Masks
Masks/mask_125.jpg,Masks
Masks/mask_28.jpg,Masks
Masks/mask_398.jpg,Masks
Masks/mask_357.jpg,Masks
Masks/mask_250.jpg,Masks
Masks/mask_470.jpg,Masks
Masks/mask_279.jpg,Masks
Masks/mask_79.jpg,Masks
Masks/mask_408.jpg,Masks
Masks/mask_363.jpg,Masks
Masks/mask_148.jpg,Masks
Masks/mask_336.jpg,Masks
Masks/mask_582.jpg,Masks
Masks/mask_114.jpg,Masks
Masks/mask_315.jpg,Masks
Masks/mask_391.jpg,Masks
Masks/mask_311.jpg,Masks
Masks/mask_248.jpg,Masks
Masks/mask_464.jpg,Masks
Masks/mask_330.jpg,Masks
Masks/mask_541.jpg,Masks
Masks/mask_70.jpg,Masks
Masks/mask_389.jpg,Masks
Masks/mask_159.jpg,Masks
Masks/mask_419.jpg,Masks
Masks/mask_290.jpg,Masks
Masks/mask_379.jpg,Masks
Masks/mask_52.jpg,Masks
Masks/mask_327.jpg,Masks
Masks/mask_48.jpg,Masks
Masks/mask_44.jpg,Masks
Masks/mask_10.jpg,Masks
Masks/mask_20.jpg,Masks
Masks/mask_77.jpg,Masks
Masks/mask_289.jpg,Masks
Masks/mask_590.jpg,Masks
Masks/mask_60.jpg,Masks
Masks/mask_138.jpg,Masks
Masks/mask_578.jpg,Masks
Masks/mask_527.jpg,Masks
Masks/mask_55.jpg,Masks
Masks/mask_410.jpg,Masks
Masks/mask_283.jpg,Masks
Masks/mask_56.jpg,Masks
No_Masks/no_mask_29.jpg,No_Masks
No_Masks/no_mask_323.jpg,No_Masks
No_Masks/no_mask_81.jpg,No_Masks
No_Masks/no_mask_86.jpg,No_Masks
No_Masks/no_mask_405.jpg,No_Masks
No_Masks/no_mask_366.jpg,No_Masks
No_Masks/no_mask_431.jpg,No_Masks
No_Masks/no_mask_476.jpg,No_Masks
No_Masks/no_mask_57.jpg,No_Masks
No_Masks/no_mask_133.jpg,No_Masks
No_Masks/no_mask_220.jpg,No_Masks
No_Masks/no_mask_413.jpg,No_Masks
No_Masks/no_mask_252.jpg,No_Masks
No_Masks/no_mask_119.jpg,No_Masks
No_Masks/no_mask_358.jpg,No_Masks
No_Masks/no_mask_289.jpg,No_Masks
No_Masks/no_mask_91.jpg,No_Masks
No_Masks/no_mask_260.jpg,No_Masks
No_Masks/no_mask_179.jpg,No_Masks
No_Masks/no_mask_310.jpg,No_Masks
No_Masks/no_mask_225.jpg,No_Masks
No_Masks/no_mask_326.jpg,No_Masks
No_Masks/no_mask_132.jpg,No_Masks
No_Masks/no_mask_256.jpg,No_Masks
No_Masks/no_mask_552.jpg,No_Masks
No_Masks/no_mask_525.jpg,No_Masks
No_Masks/no_mask_360.jpg,No_Masks
No_Masks/no_mask_114.jpg,No_Masks
No_Masks/no_mask_36.jpg,No_Masks
No_Masks/no_mask_158.jpg,No_Masks
No_Masks/no_mask_370.jpg,No_Masks
No_Masks/no_mask_512.jpg,No_Masks
No_Masks/no_mask_16.jpg,No_Masks
No_Masks/no_mask_439.jpg,No_Masks
No_Masks/no_mask_456.jpg,No_Masks
No_Masks/no_mask_10.jpg,No_Masks
No_Masks/no_mask_457.jpg,No_Masks
No_Masks/no_mask_293.jpg,No_Masks
No_Masks/no_mask_467.jpg,No_Masks
No_Masks/no_mask_237.jpg,No_Masks
No_Masks/no_mask_219.jpg,No_Masks
No_Masks/no_mask_108.jpg,No_Masks
No_Masks/no_mask_127.jpg,No_Masks
No_Masks/no_mask_401.jpg,No_Masks
No_Masks/no_mask_7.jpg,No_Masks
No_Masks/no_mask_454.jpg,No_Masks
No_Masks/no_mask_184.jpg,No_Masks
No_Masks/no_mask_13.jpg,No_Masks
No_Masks/no_mask_85.jpg,No_Masks
No_Masks/no_mask_216.jpg,No_Masks
No_Masks/no_mask_214.jpg,No_Masks
No_Masks/no_mask_55.jpg,No_Masks
No_Masks/no_mask_73.jpg,No_Masks
No_Masks/no_mask_440.jpg,No_Masks
No_Masks/no_mask_43.jpg,No_Masks
No_Masks/no_mask_247.jpg,No_Masks
No_Masks/no_mask_353.jpg,No_Masks
No_Masks/no_mask_478.jpg,No_Masks
No_Masks/no_mask_236.jpg,No_Masks
No_Masks/no_mask_49.jpg,No_Masks
No_Masks/no_mask_463.jpg,No_Masks
No_Masks/no_mask_576.jpg,No_Masks
No_Masks/no_mask_343.jpg,No_Masks
No_Masks/no_mask_129.jpg,No_Masks
No_Masks/no_mask_290.jpg,No_Masks
No_Masks/no_mask_540.jpg,No_Masks
No_Masks/no_mask_93.jpg,No_Masks
No_Masks/no_mask_446.jpg,No_Masks
No_Masks/no_mask_125.jpg,No_Masks
No_Masks/no_mask_325.jpg,No_Masks
No_Masks/no_mask_120.jpg,No_Masks
No_Masks/no_mask_37.jpg,No_Masks
No_Masks/no_mask_475.jpg,No_Masks
No_Masks/no_mask_20.jpg,No_Masks
No_Masks/no_mask_126.jpg,No_Masks
No_Masks/no_mask_121.jpg,No_Masks
No_Masks/no_mask_42.jpg,No_Masks
No_Masks/no_mask_459.jpg,No_Masks
No_Masks/no_mask_54.jpg,No_Masks
No_Masks/no_mask_280.jpg,No_Masks
No_Masks/no_mask_423.jpg,No_Masks
No_Masks/no_mask_66.jpg,No_Masks
No_Masks/no_mask_183.jpg,No_Masks
No_Masks/no_mask_419.jpg,No_Masks
No_Masks/no_mask_262.jpg,No_Masks
No_Masks/no_mask_231.jpg,No_Masks
No_Masks/no_mask_515.jpg,No_Masks
No_Masks/no_mask_56.jpg,No_Masks
No_Masks/no_mask_306.jpg,No_Masks
No_Masks/no_mask_318.jpg,No_Masks
No_Masks/no_mask_359.jpg,No_Masks
No_Masks/no_mask_178.jpg,No_Masks
No_Masks/no_mask_139.jpg,No_Masks
No_Masks/no_mask_581.jpg,No_Masks
No_Masks/no_mask_390.jpg,No_Masks
No_Masks/no_mask_112.jpg,No_Masks
No_Masks/no_mask_302.jpg,No_Masks
No_Masks/no_mask_185.jpg,No_Masks
No_Masks/no_mask_18.jpg,No_Masks
No_Masks/no_mask_527.jpg,No_Masks
No_Masks/no_mask_99.jpg,No_Masks
No_Masks/no_mask_229.jpg,No_Masks
No_Masks/no_mask_90.jpg,No_Masks
No_Masks/no_mask_53.jpg,No_Masks
No_Masks/no_mask_575.jpg,No_Masks
No_Masks/no_mask_186.jpg,No_Masks
No_Masks/no_mask_465.jpg,No_Masks
No_Masks/no_mask_474.jpg,No_Masks
No_Masks/no_mask_9.jpg,No_Masks
No_Masks/no_mask_420.jpg,No_Masks
No_Masks/no_mask_23.jpg,No_Masks
No_Masks/no_mask_251.jpg,No_Masks
No_Masks/no_mask_165.jpg,No_Masks
No_Masks/no_mask_123.jpg,No_Masks
No_Masks/no_mask_4.jpg,No_Masks
No_Masks/no_mask_312.jpg,No_Masks
No_Masks/no_mask_71.jpg,No_Masks
No_Masks/no_mask_376.jpg,No_Masks
No_Masks/no_mask_321.jpg,No_Masks
No_Masks/no_mask_215.jpg,No_Masks
No_Masks/no_mask_328.jpg,No_Masks
No_Masks/no_mask_156.jpg,No_Masks
No_Masks/no_mask_584.jpg,No_Masks
No_Masks/no_mask_287.jpg,No_Masks
No_Masks/no_mask_63.jpg,No_Masks
No_Masks/no_mask_579.jpg,No_Masks
No_Masks/no_mask_417.jpg,No_Masks
No_Masks/no_mask_536.jpg,No_Masks
No_Masks/no_mask_70.jpg,No_Masks
No_Masks/no_mask_333.jpg,No_Masks
No_Masks/no_mask_429.jpg,No_Masks
No_Masks/no_mask_47.jpg,No_Masks
No_Masks/no_mask_349.jpg,No_Masks
No_Masks/no_mask_33.jpg,No_Masks
No_Masks/no_mask_177.jpg,No_Masks
No_Masks/no_mask_51.jpg,No_Masks
No_Masks/no_mask_84.jpg,No_Masks
No_Masks/no_mask_245.jpg,No_Masks
No_Masks/no_mask_268.jpg,No_Masks
No_Masks/no_mask_235.jpg,No_Masks
No_Masks/no_mask_555.jpg,No_Masks
No_Masks/no_mask_154.jpg,No_Masks
No_Masks/no_mask_257.jpg,No_Masks
No_Masks/no_mask_226.jpg,No_Masks
No_Masks/no_mask_377.jpg,No_Masks
No_Masks/no_mask_547.jpg,No_Masks
No_Masks/no_mask_407.jpg,No_Masks
No_Masks/no_mask_180.jpg,No_Masks
No_Masks/no_mask_72.jpg,No_Masks
No_Masks/no_mask_134.jpg,No_Masks
No_Masks/no_mask_197.jpg,No_Masks
No_Masks/no_mask_145.jpg,No_Masks
No_Masks/no_mask_193.jpg,No_Masks
No_Masks/no_mask_380.jpg,No_Masks
No_Masks/no_mask_34.jpg,No_Masks
No_Masks/no_mask_258.jpg,No_Masks
No_Masks/no_mask_484.jpg,No_Masks
No_Masks/no_mask_250.jpg,No_Masks
No_Masks/no_mask_254.jpg,No_Masks
No_Masks/no_mask_415.jpg,No_Masks
No_Masks/no_mask_382.jpg,No_Masks
No_Masks/no_mask_21.jpg,No_Masks
No_Masks/no_mask_147.jpg,No_Masks
No_Masks/no_mask_12.jpg,No_Masks
No_Masks/no_mask_102.jpg,No_Masks
No_Masks/no_mask_361.jpg,No_Masks
No_Masks/no_mask_50.jpg,No_Masks
No_Masks/no_mask_450.jpg,No_Masks
No_Masks/no_mask_335.jpg,No_Masks
No_Masks/no_mask_506.jpg,No_Masks
No_Masks/no_mask_430.jpg,No_Masks
No_Masks/no_mask_422.jpg,No_Masks
No_Masks/no_mask_308.jpg,No_Masks
No_Masks/no_mask_163.jpg,No_Masks
No_Masks/no_mask_166.jpg,No_Masks
No_Masks/no_mask_332.jpg,No_Masks
No_Masks/no_mask_391.jpg,No_Masks
No_Masks/no_mask_533.jpg,No_Masks
No_Masks/no_mask_372.jpg,No_Masks
No_Masks/no_mask_79.jpg,No_Masks
No_Masks/no_mask_350.jpg,No_Masks
No_Masks/no_mask_367.jpg,No_Masks
No_Masks/no_mask_207.jpg,No_Masks
No_Masks/no_mask_557.jpg,No_Masks
No_Masks/no_mask_292.jpg,No_Masks
No_Masks/no_mask_331.jpg,No_Masks
No_Masks/no_mask_233.jpg,No_Masks
No_Masks/no_mask_161.jpg,No_Masks
No_Masks/no_mask_146.jpg,No_Masks
No_Masks/no_mask_5.jpg,No_Masks
No_Masks/no_mask_31.jpg,No_Masks
No_Masks/no_mask_294.jpg,No_Masks
No_Masks/no_mask_103.jpg,No_Masks
No_Masks/no_mask_503.jpg,No_Masks
No_Masks/no_mask_458.jpg,No_Masks
No_Masks/no_mask_566.jpg,No_Masks
No_Masks/no_mask_168.jpg,No_Masks
No_Masks/no_mask_151.jpg,No_Masks
No_Masks/no_mask_583.jpg,No_Masks
No_Masks/no_mask_304.jpg,No_Masks
No_Masks/no_mask_61.jpg,No_Masks
No_Masks/no_mask_107.jpg,No_Masks
No_Masks/no_mask_32.jpg,No_Masks
No_Masks/no_mask_14.jpg,No_Masks
No_Masks/no_mask_111.jpg,No_Masks
No_Masks/no_mask_95.jpg,No_Masks
No_Masks/no_mask_448.jpg,No_Masks
No_Masks/no_mask_305.jpg,No_Masks
No_Masks/no_mask_77.jpg,No_Masks
No_Masks/no_mask_176.jpg,No_Masks
No_Masks/no_mask_78.jpg,No_Masks
No_Masks/no_mask_421.jpg,No_Masks
No_Masks/no_mask_324.jpg,No_Masks
No_Masks/no_mask_364.jpg,No_Masks
No_Masks/no_mask_381.jpg,No_Masks
No_Masks/no_mask_224.jpg,No_Masks
No_Masks/no_mask_44.jpg,No_Masks
No_Masks/no_mask_74.jpg,No_Masks
No_Masks/no_mask_188.jpg,No_Masks
No_Masks/no_mask_39.jpg,No_Masks
No_Masks/no_mask_28.jpg,No_Masks
No_Masks/no_mask_1.jpg,No_Masks
No_Masks/no_mask_45.jpg,No_Masks
No_Masks/no_mask_135.jpg,No_Masks
No_Masks/no_mask_452.jpg,No_Masks
No_Masks/no_mask_288.jpg,No_Masks
No_Masks/no_mask_210.jpg,No_Masks
No_Masks/no_mask_40.jpg,No_Masks
No_Masks/no_mask_508.jpg,No_Masks
No_Masks/no_mask_175.jpg,No_Masks
No_Masks/no_mask_113.jpg,No_Masks
No_Masks/no_mask_535.jpg,No_Masks
No_Masks/no_mask_198.jpg,No_Masks
No_Masks/no_mask_460.jpg,No_Masks
No_Masks/no_mask_153.jpg,No_Masks
No_Masks/no_mask_424.jpg,No_Masks
No_Masks/no_mask_22.jpg,No_Masks
No_Masks/no_mask_67.jpg,No_Masks
No_Masks/no_mask_249.jpg,No_Masks
No_Masks/no_mask_130.jpg,No_Masks
No_Masks/no_mask_157.jpg,No_Masks
No_Masks/no_mask_109.jpg,No_Masks
No_Masks/no_mask_8.jpg,No_Masks
No_Masks/no_mask_228.jpg,No_Masks
No_Masks/no_mask_513.jpg,No_Masks
No_Masks/no_mask_100.jpg,No_Masks
No_Masks/no_mask_58.jpg,No_Masks
No_Masks/no_mask_136.jpg,No_Masks
No_Masks/no_mask_64.jpg,No_Masks
No_Masks/no_mask_110.jpg,No_Masks
No_Masks/no_mask_173.jpg,No_Masks
No_Masks/no_mask_106.jpg,No_Masks
No_Masks/no_mask_68.jpg,No_Masks
No_Masks/no_mask_128.jpg,No_Masks
No_Masks/no_mask_6.jpg,No_Masks
No_Masks/no_mask_549.jpg,No_Masks
No_Masks/no_mask_25.jpg,No_Masks
No_Masks/no_mask_80.jpg,No_Masks
No_Masks/no_mask_212.jpg,No_Masks
No_Masks/no_mask_0.jpg,No_Masks
No_Masks/no_mask_187.jpg,No_Masks
No_Masks/no_mask_217.jpg,No_Masks
No_Masks/no_mask_239.jpg,No_Masks
No_Masks/no_mask_142.jpg,No_Masks
No_Masks/no_mask_241.jpg,No_Masks
No_Masks/no_mask_148.jpg,No_Masks
No_Masks/no_mask_311.jpg,No_Masks
No_Masks/no_mask_15.jpg,No_Masks
No_Masks/no_mask_92.jpg,No_Masks
No_Masks/no_mask_96.jpg,No_Masks
No_Masks/no_mask_24.jpg,No_Masks
No_Masks/no_mask_399.jpg,No_Masks
No_Masks/no_mask_551.jpg,No_Masks
No_Masks/no_mask_432.jpg,No_Masks
No_Masks/no_mask_548.jpg,No_Masks
No_Masks/no_mask_565.jpg,No_Masks
